Titre,Etat,Site,Sujet,Motifs,Date,Support,Lieu de conservation,Auteur,Citation bibliographique,Droit d'auteur
ASOK_AMA001,Andhra Pradesh,Amarāvatī,Balustrade avec médaillons lotiformes,lotus,1 A.D. ; 2 A.D. ; 3 A.D.,Stūpa ; balustrade ; pilier,British Museum,Maronet Léa,,
ASOK_AMA002,Andhra Pradesh,Amarāvatī,Pilier de balustrade avec médaillons lotiformes et ganas,lotus,1 A.D. ; 2 A.D. ; 3 A.D.,Stūpa ; balustrade ; pilier,British Museum,Maronet Léa,,
ASOK_AMA003,Andhra Pradesh,Amarāvatī,Pilier de balustrade avec médaillons lotiformes ; éléphants ; dévotion au stupa et ganas,lotus ; éléphant,1 A.D. ; 2 A.D. ; 3 A.D.,Stūpa ; balustrade ; pilier,British Museum,Maronet Léa,,
ASOK_AMA004,Andhra Pradesh,Amarāvatī,Pilier de balustrade avec médaillons lotiformes et jataka (?) avec roi naga et scènes dans une cour royale,lotus,1 A.D. ; 2 A.D. ; 3 A.D.,Stūpa ; balustrade ; pilier,British Museum,Maronet Léa,,
ASOK_AMA005,Andhra Pradesh,Amarāvatī,Pilier de balustrade avec médaillons lotiformes et ganas,lotus,1 A.D. ; 2 A.D. ; 3 A.D.,Stūpa ; balustrade ; pilier,British Museum,Maronet Léa,,
ASOK_AMA006,Andhra Pradesh,Amarāvatī,Pilier de balustrade avec médaillon lotiforme ; scènes dans une cour royale ; dévotion au Buddha aniconique et roi à cheval,lotus ; cheval,1 A.D. ; 2 A.D. ; 3 A.D.,Stūpa ; balustrade ; pilier,British Museum,Maronet Léa,,
ASOK_AMA007,Andhra Pradesh,Amarāvatī,Pilier de balustrade avec médaillon lotiforme et scènes de dévotion au Buddha,lotus,1 A.D. ; 2 A.D. ; 3 A.D.,Stūpa ; balustrade ; pilier,British Museum,Maronet Léa,,
ASOK_AMA008,Andhra Pradesh,Amarāvatī,Pilier de balustrade avec médaillons lotiformes et scènes dans une cour royale,lotus,1 A.D. ; 2 A.D. ; 3 A.D.,Stūpa ; balustrade ; pilier,British Museum,,,
ASOK_AMA009,Andhra Pradesh,Amarāvatī,Pilier de balustrade avec médaillons lotiformes ; scènes de dévotion au Buddha aniconique ; avec roi nāga et nāginis,lotus ; oiseau,1 A.D. ; 2 A.D. ; 3 A.D.,Stūpa ; balustrade ; pilier,British Museum,Maronet Léa,,
ASOK_AMA011,Andhra Pradesh,Amarāvatī,Pilier de balustrade avec médaillon lotiforme et scènes dans une cour royale,lotus,1 A.D. ; 2 A.D. ; 3 A.D.,Stūpa ; balustrade ; pilier,British Museum,Maronet Léa,,
ASOK_AMA012,Andhra Pradesh,Amarāvatī,Grand médaillon lotiforme,lotus,2 A.D.,Stūpa ; balustrade,British Museum,The Trustees of the British Museum,,
ASOK_AMA013,Andhra Pradesh,Amarāvatī,Grand médaillon lotiforme,lotus,2 A.D.,Stūpa ; balustrade,British Museum,Maronet Léa,,
ASOK_AMA014,Andhra Pradesh,Amarāvatī,Grand médaillon lotiforme,lotus,2 A.D.,Stūpa ; balustrade,British Museum,Maronet Léa,,
ASOK_AMA015,Andhra Pradesh,Amarāvatī,Grand médaillon lotiforme,lotus,3 A.D.,Stūpa ; balustrade,British Museum,The Trustees of the British Museum,,
ASOK_AMA016,Andhra Pradesh,Amarāvatī,Grand médaillon lotiforme,lotus,2 A.D.,Stūpa ; balustrade ; face avant,British Museum,The Trustees of the British Museum,,
ASOK_AMA017,Andhra Pradesh,Amarāvatī,Grand médaillon lotiforme,lotus,2 A.D.,Stūpa ; balustrade ; face arrière,British Museum,The Trustees of the British Museum,,
ASOK_AMA018,Andhra Pradesh,Amarāvatī,Grand médaillon lotiforme,lotus,2 A.D.,Stūpa ; balustrade,British Museum,The Trustees of the British Museum,,
ASOK_AMA019,Andhra Pradesh,Amarāvatī,Grand médaillon lotiforme,lotus,2 A.D.,Stūpa ; balustrade,British Museum,The Trustees of the British Museum,,
ASOK_AMA020,Andhra Pradesh,Amarāvatī,Bas-relief d'une balutrade figurée avec médaillons lotiformes,lotus,2 A.D.,Stūpa ; panneau,British Museum,The Trustees of the British Museum,,
ASOK_AMA021,Andhra Pradesh,Amarāvatī,Bas-relief d'une balutrade figurée avec médaillons lotiformes,lotus,2 A.D.,Stūpa ; frise,British Museum,The Trustees of the British Museum,,
ASOK_AMA022,Andhra Pradesh,Amarāvatī,Bas-relief d'une balutrade figurée avec médaillons lotiformes,lotus,2 A.D.,Stūpa ; frise,British Museum,The Trustees of the British Museum,,
ASOK_AMA023,Andhra Pradesh,Amarāvatī,Pilier āyaka avec médaillon lotiforme et fleurs,lotus,2 A.D.,Stūpa ; pilier āyaka,British Museum,The Trustees of the British Museum,,
ASOK_AMA024,Andhra Pradesh,Amarāvatī,Pilier āyaka avec demi-médaillons lotiformes,lotus ; lion,2 A.D.,Stūpa ; pilier āyaka,British Museum,The Trustees of the British Museum,,
ASOK_AMA025,Andhra Pradesh,Amarāvatī,Pilier āyaka avec demi-médaillons lotiformes,lotus ; lion,2 A.D.,Stūpa ; pilier āyaka,British Museum,The Trustees of the British Museum,,
ASOK_AMA026,Andhra Pradesh,Amarāvatī,Pilier āyaka avec demi-médaillons lotiformes,lotus ; lion,2 A.D.,Stūpa ; pilier āyaka,British Museum,The Trustees of the British Museum,,
ASOK_AMA027,Andhra Pradesh,Amarāvatī,Pilier āyaka avec demi-médaillons lotiformes,lotus,2 A.D.,Stūpa ; pilier āyaka,British Museum,The Trustees of the British Museum,,
ASOK_AMA028,Andhra Pradesh,Amarāvatī,Pilier āyaka avec demi-médaillons lotiformes,lotus,2 A.D.,Stūpa ; pilier āyaka,British Museum,The Trustees of the British Museum,,
ASOK_AMA029,Andhra Pradesh,Amarāvatī,Pilier āyaka avec demi-médaillons lotiformes,lotus,2 A.D.,Stūpa ; pilier āyaka,British Museum,The Trustees of the British Museum,,
ASOK_AMA030,Andhra Pradesh,Amarāvatī,Pilier āyaka avec demi-médaillons lotiformes et éléphants rendant hommage au stūpa,lotus ; éléphant,2 A.D.,Stūpa ; pilier āyaka,British Museum,The Trustees of the British Museum,,
ASOK_AMA031,Andhra Pradesh,Amarāvatī,Pilier āyaka avec demi-médaillons lotiformes et éléphants rendant hommage au stūpa,lotus ; éléphant,2 A.D.,Stūpa ; pilier āyaka,British Museum,The Trustees of the British Museum,,
ASOK_AMA032,Andhra Pradesh,Amarāvatī,Pilier avec demi-médaillons lotiformes,lotus ; oiseau,2 A.D.,Stūpa ; pilier,British Museum,The Trustees of the British Museum,,
ASOK_AMA033,Andhra Pradesh,Amarāvatī,Pilier avec médaillon et demi-médaillons lotiformes avec éléphants ; nāga et ganas,lotus ; éléphant,2 A.D.,Stūpa ; pilier,British Museum,The Trustees of the British Museum,,
ASOK_AMA034,Andhra Pradesh,Amarāvatī,Pilier avec médaillon et demi-médaillons lotiformes,lotus,2 A.D.,Stūpa ; pilier,British Museum,The Trustees of the British Museum,,
ASOK_AMA035,Andhra Pradesh,Amarāvatī,Pilier avec demi-médaillon et médailllons lotiformes et scènes de l'ascension des reliques (?),lotus ; oiseau,2 A.D.,Stūpa ; balustrade ; pilier,British Museum,The Trustees of the British Museum,,
ASOK_AMA036,Andhra Pradesh,Amarāvatī,Pilier avec médaillon et demi-médaillons lotiformes,lotus,2 A.D.,Stūpa ; balustrade ; pilier,British Museum,The Trustees of the British Museum,,
ASOK_AMA037,Andhra Pradesh,Amarāvatī,Pilier avec médaillon et demi-médaillon lotiforme et ganas,lotus,2 A.D.,Stūpa ; balustrade ; pilier,British Museum,The Trustees of the British Museum,,
ASOK_AMA038,Andhra Pradesh,Amarāvatī,Pilier de balustrade avec médaillons lotiformes et scène de guerre avec éléphant et chevaux,lotus ; oiseau ; cheval ; éléphant,2 A.D.,Stūpa ; balustrade ; pilier,British Museum,The Trustees of the British Museum,,
ASOK_AMA039,Andhra Pradesh,Amarāvatī,Frise ; demi-médaillons lotiformes ; petites fleurs et ganas,lotus,2 A.D.,Stūpa ; balustrade ; frise,British Museum,The Trustees of the British Museum,,
ASOK_AMA040,Andhra Pradesh,Amarāvatī,Pilier avec médaillon et demi-médaillons lotiformes,lotus,1 A.D. ; 2 A.D. ; 3 A.D.,Stūpa ; balustrade ; pilier,Amarāvatī Site Museum,Huntington Susan ; Hungtington John,DSAL 21342,
ASOK_AMA041,Andhra Pradesh,Amarāvatī,Pilier avec demi-médaillon lotiforme et inscription,lotus,1 A.D. ; 2 A.D. ; 3 A.D.,Pilier,Amarāvatī Site Museum,Huntington Susan ; Hungtington John,DSAL 21308,
ASOK_AMA042,Andhra Pradesh,Amarāvatī,Pilier avec demi-médaillon lotiforme,lotus,1 A.D. ; 2 A.D. ; 3 A.D.,Stūpa ; balustrade ; pilier,Amarāvatī Site Museum,Huntington Susan ; Hungtington John,DSAL 21291,
ASOK_AMA043,Andhra Pradesh,Amarāvatī,Montant de balustrade avec médaillon lotiforme,lotus,1 A.D. ; 2 A.D. ; 3 A.D.,Stūpa ; balustrade ; pilier,Amarāvatī Site Museum,Huntington Susan ; Hungtington John,DSAL 21283,
ASOK_AMA044,Andhra Pradesh,Amarāvatī,Pilier de balustrade avec demi-médaillon lotiforme et scènes dans une cour royale,lotus,1 A.D. ; 2 A.D. ; 3 A.D.,Stūpa ; balustrade ; pilier,Amarāvatī Site Museum,Huntington Susan ; Hungtington John,DSAL 27675,
ASOK_AMA045,Andhra Pradesh,Amarāvatī,Pilier de balustrade avec demi-médaillon lotiforme et scènes dans une cour royale avec nagini,lotus ; lion ; taureau,1 A.D. ; 2 A.D. ; 3 A.D.,Stūpa ; balustrade ; pilier,Madras Government Museum,Huntington Susan ; Hungtington John,DSAL 27666,
ASOK_AMA046,Andhra Pradesh,Amarāvatī,Pilier de balustrade avec demi-médaillon lotiforme et scènes dans une cour royale,lotus,1 A.D. ; 2 A.D. ; 3 A.D.,Stūpa ; balustrade ; pilier,Madras Government Museum,Huntington Susan ; Hungtington John,DSAL 27664,
ASOK_AMA047,Andhra Pradesh,Amarāvatī,Pilier de balustrade avec demi-médaillon lotiforme et scènes avec roi (cakravartin) et dévots,lotus ; lion,1 A.D. ; 2 A.D. ; 3 A.D.,Stūpa ; balustrade ; pilier,Madras Government Museum,Huntington Susan ; Hungtington John,DSAL 27656,
ASOK_AMA048,Andhra Pradesh,Amarāvatī,Pilier de balustrade avec demi-médaillon lotiforme et scènes dans une cour royale,lotus,1 A.D. ; 2 A.D. ; 3 A.D.,Stūpa ; balustrade ; pilier,Madras Government Museum,Huntington Susan ; Hungtington John,DSAL 27654,
ASOK_AMA050,Andhra Pradesh,Amarāvatī,Montant de balustrade avec médaillon lotiforme,lotus ; oiseau,1 A.D. ; 2 A.D. ; 3 A.D.,Stūpa ; balustrade ; pilier,Madras Government Museum,Maronet Léa,,
ASOK_AMA051,Andhra Pradesh,Amarāvatī,Montant de balustrade avec médaillon lotiforme scènes de l'ascension des reliques ; roi à cheval et dévotion au Buddha aniconique,lotus ; lion,1 A.D. ; 2 A.D. ; 3 A.D.,Stūpa ; balustrade ; pilier,Madras Government Museum,Maronet Léa,,
ASOK_AMA052,Andhra Pradesh,Amarāvatī,Pilier de balustrade avec médaillon et demi-médaillons lotiformes ; scène de dévotion au stupa et ganas,lotus ; lion,1 A.D. ; 2 A.D. ; 3 A.D.,Stūpa ; balustrade ; pilier,Madras Government Museum,Maronet Léa,,
ASOK_AMA053,Andhra Pradesh,Amarāvatī,Pilier de balustrade avec demi-médaillon lotiforme ; scènes de dévotion au Buddha aniconique et roi (cakravartin) entouré de sa cour,lotus ; lion,1 A.D. ; 2 A.D. ; 3 A.D.,Stūpa ; balustrade ; pilier,Madras Government Museum,Maronet Léa,,
ASOK_AMA054,Andhra Pradesh,Amarāvatī,Pilier de balustrade avec demi-médaillon lotiforme ; scène du jātaka de Mandhata (cakravartin),lotus ; lion,1 A.D. ; 2 A.D. ; 3 A.D.,Stūpa ; balustrade ; pilier,Madras Government Museum,Maronet Léa,,
ASOK_AMA055,Andhra Pradesh,Amarāvatī,Montant de balustrade avec médaillon lotiforme,lotus,1 A.D. ; 2 A.D. ; 3 A.D.,Stūpa ; balustrade,Madras Government Museum,Maronet Léa,,
ASOK_AMA056,Andhra Pradesh,Amarāvatī,Montant de balustrade avec médaillon lotiforme,lotus,1 A.D. ; 2 A.D. ; 3 A.D.,Stūpa ; balustrade,Madras Government Museum,Maronet Léa,,
ASOK_AMA057,Andhra Pradesh,Amarāvatī,Montant de balustrade avec médaillon lotiforme,lotus,1 A.D. ; 2 A.D. ; 3 A.D.,Stūpa ; balustrade,Madras Government Museum,Maronet Léa,,
ASOK_AMA058,Andhra Pradesh,Amarāvatī,Montant de balustrade avec médaillon lotiforme,lotus,1 A.D. ; 2 A.D. ; 3 A.D.,Stūpa ; balustrade,Madras Government Museum,Maronet Léa,,
ASOK_AMA059,Andhra Pradesh,Amarāvatī,Montant de balustrade avec médaillon lotiforme,lotus,1 A.D. ; 2 A.D. ; 3 A.D.,Stūpa ; balustrade,Madras Government Museum,Maronet Léa,,
ASOK_AMA060,Andhra Pradesh,Amarāvatī,Montant de balustrade avec médaillon lotiforme,lotus,1 A.D. ; 2 A.D. ; 3 A.D.,Stūpa ; balustrade,Madras Government Museum,Maronet Léa,,
ASOK_AMA061,Andhra Pradesh,Amarāvatī,Montant de balustrade avec médaillon lotiforme,lotus,1 A.D. ; 2 A.D. ; 3 A.D.,Stūpa ; balustrade,Madras Government Museum,Maronet Léa,,
ASOK_AMA062,Andhra Pradesh,Amarāvatī,Montant de balustrade avec médaillon lotiforme ; très endommagé,lotus,1 A.D. ; 2 A.D. ; 3 A.D.,Stūpa ; balustrade,Amarāvatī Site Museum,American Institute of Indian Studies,,
ASOK_AMA063,Andhra Pradesh,Amarāvatī,Montant de balustrade avec médaillon lotiforme ; endommagé,lotus,1 A.D. ; 2 A.D. ; 3 A.D.,Stūpa ; balustrade,Hyderabad Government Museum,American Institute of Indian Studies,,
ASOK_AMA064,Andhra Pradesh,Amarāvatī,Montant de balustrade avec médaillon lotiforme,lotus,1 A.D. ; 2 A.D. ; 3 A.D.,Stūpa ; balustrade,Calcutta Indian Museum,American Institute of Indian Studies,,
ASOK_AMA065,Andhra Pradesh,Amarāvatī,Pilier de balustrade avec médaillon lotiforme ; très endommagé,lotus,1 A.D. ; 2 A.D. ; 3 A.D.,Stūpa ; balustrade ; pilier,Calcutta Indian Museum,American Institute of Indian Studies,,
ASOK_AMA066,Andhra Pradesh,Amarāvatī,Pilier de balustrade avec médaillon lotiforme,lotus,1 A.D. ; 2 A.D. ; 3 A.D.,Stūpa ; balustrade ; pilier,Calcutta Indian Museum,American Institute of Indian Studies,,
ASOK_AMA067,Andhra Pradesh,Amarāvatī,Montant de balustrade avec médaillon lotiforme,lotus,1 A.D. ; 2 A.D. ; 3 A.D.,Stūpa ; balustrade,Hyderabad Government Museum,American Institute of Indian Studies,,
ASOK_AMA068,Andhra Pradesh,Amarāvatī,Montant de balustrade avec médaillon lotiforme,lotus,1 A.D. ; 2 A.D. ; 3 A.D.,Stūpa ; balustrade,Calcutta Indian Museum,American Institute of Indian Studies,,
ASOK_AMA069,Andhra Pradesh,Amarāvatī,Jātaka,lion ; oiseau,2 A.D. ; 3 A.D.,Stūpa ; panneau,Cleveland Museum of Art,Cleveland Museum of Art,,Domaine public
ASOK_AMA070,Andhra Pradesh,Amarāvatī,Stūpa et nāga,lotus,1 A.D.,Stūpa ; panneau,British Museum,Maronet Léa,,
ASOK_AMA071,Andhra Pradesh,Amarāvatī,Éléphant et stūpa,éléphant,1 A.D.,Stūpa ; pilier ; abaque,British Museum,Maronet Léa,,
ASOK_BODA001,Bihar,Bodhgayā,Médaillon lotiforme et cervidé ailé,lotus,3 B.C. ; 2 B.C. ; 1 B.C.,Stūpa ; balustrade ; pilier,Mahābodhi temple complex,Huntington Susan ; Hungtington John,DSAL,
ASOK_BODA002,Bihar,Bodhgayā,Médaillon lotiforme et portrait de donateur/donatrice,lotus,3 B.C. ; 2 B.C. ; 1 B.C.,Stūpa ; balustrade ; pilier,Mahābodhi temple complex,Huntington Susan ; Hungtington John,DSAL,
ASOK_BODA003,Bihar,Bodhgayā,Médaillon lotiforme et portrait de donateur/donatrice,lotus,3 B.C. ; 2 B.C. ; 1 B.C.,Stūpa ; balustrade ; pilier,Mahābodhi temple complex,Huntington Susan ; Hungtington John,DSAL,
ASOK_BODA004,Bihar,Bodhgayā,Demi-médaillon lotiforme,lotus,3 B.C. ; 2 B.C. ; 1 B.C.,Stūpa ; balustrade ; pilier,Mahābodhi temple complex,Huntington Susan ; Hungtington John,DSAL,
ASOK_BODA005,Bihar,Bodhgayā,Médaillon lotiforme et portrait de donateur/donatrice,lotus,3 B.C. ; 2 B.C. ; 1 B.C.,Stūpa ; balustrade ; pilier,Mahābodhi temple complex,Huntington Susan ; Hungtington John,DSAL,
ASOK_BODA006,Bihar,Bodhgayā,Médaillon lotiforme et portrait de donateur/donatrice,lotus,3 B.C. ; 2 B.C. ; 1 B.C.,Stūpa ; balustrade ; pilier,Mahābodhi temple complex,Huntington Susan ; Hungtington John,DSAL,
ASOK_BODA007,Bihar,Bodhgayā,Demi-médaillon lotiforme,lotus,3 B.C. ; 2 B.C. ; 1 B.C.,Stūpa ; balustrade ; pilier,Mahābodhi temple complex,Huntington Susan ; Hungtington John,DSAL,
ASOK_BODA008,Bihar,Bodhgayā,Médaillon lotiforme et portrait de donateur/donatrice,lotus,3 B.C. ; 2 B.C. ; 1 B.C.,Stūpa ; balustrade ; pilier,Mahābodhi temple complex,Huntington Susan ; Hungtington John,DSAL,
ASOK_BODA009,Bihar,Bodhgayā,Médaillon lotiforme et portrait de donateur/donatrice,lotus,3 B.C. ; 2 B.C. ; 1 B.C.,Stūpa ; balustrade ; pilier,Mahābodhi temple complex,Huntington Susan ; Hungtington John,DSAL,
ASOK_BODA010,Bihar,Bodhgayā,Demi-médaillon lotiforme,lotus,3 B.C. ; 2 B.C. ; 1 B.C.,Stūpa ; balustrade ; pilier,Mahābodhi temple complex,Huntington Susan ; Hungtington John,DSAL,
ASOK_BODA011,Bihar,Bodhgayā,Demi-médaillon lotiforme,lotus,3 B.C. ; 2 B.C. ; 1 B.C.,Stūpa ; balustrade ; pilier,Mahābodhi temple complex,Huntington Susan ; Hungtington John,DSAL,
ASOK_BODA012,Bihar,Bodhgayā,Médaillon lotiforme et oiseau,lotus ; oiseau,3 B.C. ; 2 B.C. ; 1 B.C.,Stūpa ; balustrade ; pilier,Mahābodhi temple complex,Huntington Susan ; Hungtington John,DSAL,
ASOK_BODA013,Bihar,Bodhgayā,Demi-médaillon lotiforme,lotus,3 B.C. ; 2 B.C. ; 1 B.C.,Stūpa ; balustrade ; pilier,Mahābodhi temple complex,Huntington Susan ; Hungtington John,DSAL,
ASOK_BODA014,Bihar,Bodhgayā,Médaillon lotiforme ; endommagé,lotus,3 B.C. ; 2 B.C. ; 1 B.C.,Stūpa ; balustrade ; pilier,Mahābodhi temple complex,Huntington Susan ; Hungtington John,DSAL,
ASOK_BODA015,Bihar,Bodhgayā,Médaillon lotiforme et personnage assis la main droite levée,lotus,3 B.C. ; 2 B.C. ; 1 B.C.,Stūpa ; balustrade ; pilier,Mahābodhi temple complex,Huntington Susan ; Hungtington John,DSAL,
ASOK_BODA016,Bihar,Bodhgayā,Demi-médaillon lotiforme,lotus,3 B.C. ; 2 B.C. ; 1 B.C.,Stūpa ; balustrade ; pilier,Mahābodhi temple complex,Huntington Susan ; Hungtington John,DSAL,
ASOK_BODA017,Bihar,Bodhgayā,Médaillon lotiforme et portrait de donateur/donatrice,lotus,3 B.C. ; 2 B.C. ; 1 B.C.,Stūpa ; balustrade ; pilier,Mahābodhi temple complex,Huntington Susan ; Hungtington John,DSAL,
ASOK_BODA018,Bihar,Bodhgayā,Médaillon lotiforme et éléphant,lotus ; éléphant,3 B.C. ; 2 B.C. ; 1 B.C.,Stūpa ; balustrade ; pilier,Mahābodhi temple complex,Huntington Susan ; Hungtington John,DSAL,
ASOK_BODA019,Bihar,Bodhgayā,Médaillon lotiforme et centaure,lotus,3 B.C. ; 2 B.C. ; 1 B.C.,Stūpa ; balustrade ; pilier,Mahābodhi temple complex,Huntington Susan ; Hungtington John,DSAL,
ASOK_BODA020,Bihar,Bodhgayā,Médaillon lotiforme et portrait de donateur/donatrice,lotus,3 B.C. ; 2 B.C. ; 1 B.C.,Stūpa ; balustrade ; pilier,Mahābodhi temple complex,Huntington Susan ; Hungtington John,DSAL,
ASOK_BODA021,Bihar,Bodhgayā,Médaillon lotiforme et portrait de donateur/donatrice,lotus,3 B.C. ; 2 B.C. ; 1 B.C.,Stūpa ; balustrade ; pilier,Mahābodhi temple complex,Huntington Susan ; Hungtington John,DSAL,
ASOK_BODA022,Bihar,Bodhgayā,Médaillon lotiforme et portrait de donateur/donatrice,lotus,3 B.C. ; 2 B.C. ; 1 B.C.,Stūpa ; balustrade ; pilier,Mahābodhi temple complex,Huntington Susan ; Hungtington John,DSAL,
ASOK_BODA023,Bihar,Bodhgayā,Médaillon lotiforme et cheval ; endommagé,lotus ; cheval,3 B.C. ; 2 B.C. ; 1 B.C.,Stūpa ; balustrade ; pilier,Mahābodhi temple complex,Huntington Susan ; Hungtington John,DSAL,
ASOK_BODA024,Bihar,Bodhgayā,Médaillon lotiforme et cheval ailé ; endommagé,lotus ; cheval,3 B.C. ; 2 B.C. ; 1 B.C.,Stūpa ; balustrade ; pilier,Mahābodhi temple complex,Huntington Susan ; Hungtington John,DSAL,
ASOK_BODA025,Bihar,Bodhgayā,Médaillon lotiforme et portrait de donateur/donatrice,lotus,3 B.C. ; 2 B.C. ; 1 B.C.,Stūpa ; balustrade ; pilier,Mahābodhi temple complex,Huntington Susan ; Hungtington John,DSAL,
ASOK_BODA026,Bihar,Bodhgayā,Médaillon lotiforme et personnage assis les mains en adoration,lotus,3 B.C. ; 2 B.C. ; 1 B.C.,Stūpa ; balustrade ; pilier,Mahābodhi temple complex,Huntington Susan ; Hungtington John,DSAL,
ASOK_BODA027,Bihar,Bodhgayā,Médaillon lotiforme et guerrier ; avec épée et bouclier,lotus,3 B.C. ; 2 B.C. ; 1 B.C.,Stūpa ; balustrade ; pilier,Mahābodhi temple complex,Huntington Susan ; Hungtington John,DSAL,
ASOK_BODA028,Bihar,Bodhgayā,Demi-médaillon lotiforme,lotus,3 B.C. ; 2 B.C. ; 1 B.C.,Stūpa ; balustrade ; pilier,Mahābodhi temple complex,Huntington Susan ; Hungtington John,DSAL,
ASOK_BODA029,Bihar,Bodhgayā,Demi-médaillon lotiforme,lotus,3 B.C. ; 2 B.C. ; 1 B.C.,Stūpa ; balustrade ; pilier,Mahābodhi temple complex,Huntington Susan ; Hungtington John,DSAL,
ASOK_BODA030,Bihar,Bodhgayā,Demi-médaillon lotiforme,lotus,3 B.C. ; 2 B.C. ; 1 B.C.,Stūpa ; balustrade ; pilier,Mahābodhi temple complex,Huntington Susan ; Hungtington John,DSAL,
ASOK_BODA031,Bihar,Bodhgayā,Demi-médaillon lotiforme,lotus,3 B.C. ; 2 B.C. ; 1 B.C.,Stūpa ; balustrade ; pilier,Mahābodhi temple complex,Huntington Susan ; Hungtington John,DSAL,
ASOK_BODA032,Bihar,Bodhgayā,Médaillon lotiforme et portrait de donateur/donatrice,lotus,3 B.C. ; 2 B.C. ; 1 B.C.,Stūpa ; balustrade ; pilier,Mahābodhi temple complex,Huntington Susan ; Hungtington John,DSAL,
ASOK_BODA033,Bihar,Bodhgayā,Médaillon lotiforme et portrait de donateur/donatrice,lotus,3 B.C. ; 2 B.C. ; 1 B.C.,Stūpa ; balustrade ; pilier,Mahābodhi temple complex,Huntington Susan ; Hungtington John,DSAL,
ASOK_BODA034,Bihar,Bodhgayā,Demi-médaillon lotiforme,lotus,3 B.C. ; 2 B.C. ; 1 B.C.,Stūpa ; balustrade ; pilier,Mahābodhi temple complex,Huntington Susan ; Hungtington John,DSAL,
ASOK_BODA035,Bihar,Bodhgayā,Demi-médaillon lotiforme,lotus,3 B.C. ; 2 B.C. ; 1 B.C.,Stūpa ; balustrade ; pilier,Mahābodhi temple complex,Huntington Susan ; Hungtington John,DSAL,
ASOK_BODA036,Bihar,Bodhgayā,Demi-médaillon lotiforme,lotus,3 B.C. ; 2 B.C. ; 1 B.C.,Stūpa ; balustrade ; pilier,Mahābodhi temple complex,Huntington Susan ; Hungtington John,DSAL,
ASOK_BODA037,Bihar,Bodhgayā,Médaillon lotiforme et portrait de donateur/donatrice,lotus,3 B.C. ; 2 B.C. ; 1 B.C.,Stūpa ; balustrade ; pilier,Mahābodhi temple complex,Huntington Susan ; Hungtington John,DSAL,
ASOK_BODA038,Bihar,Bodhgayā,Médaillon lotiforme et portrait de donateur/donatrice,lotus,3 B.C. ; 2 B.C. ; 1 B.C.,Stūpa ; balustrade ; pilier,Mahābodhi temple complex,Huntington Susan ; Hungtington John,DSAL,
ASOK_BODA039,Bihar,Bodhgayā,Médaillon lotiforme et taureau,lotus ; taureau,3 B.C. ; 2 B.C. ; 1 B.C.,Stūpa ; balustrade ; pilier,Mahābodhi temple complex,Huntington Susan ; Hungtington John,DSAL,
ASOK_BODA040,Bihar,Bodhgayā,Médaillon lotiforme et créature fantastique,lotus,3 B.C. ; 2 B.C. ; 1 B.C.,Stūpa ; balustrade ; pilier,Mahābodhi temple complex,Huntington Susan ; Hungtington John,DSAL,
ASOK_BODA041,Bihar,Bodhgayā,Médaillon lotiforme et démon,lotus,3 B.C. ; 2 B.C. ; 1 B.C.,Stūpa ; balustrade ; pilier,Mahābodhi temple complex,Huntington Susan ; Hungtington John,DSAL,
ASOK_BODA042,Bihar,Bodhgayā,Médaillon lotiforme et portrait de donateur/donatrice,lotus,3 B.C. ; 2 B.C. ; 1 B.C.,Stūpa ; balustrade ; pilier,Mahābodhi temple complex,Huntington Susan ; Hungtington John,DSAL,
ASOK_BODA043,Bihar,Bodhgayā,Demi-médaillon lotiforme,lotus,3 B.C. ; 2 B.C. ; 1 B.C.,Stūpa ; balustrade ; pilier,Mahābodhi temple complex,Huntington Susan ; Hungtington John,DSAL,
ASOK_BODA044,Bihar,Bodhgayā,Médaillon lotiforme et sirène/triton,lotus,3 B.C. ; 2 B.C. ; 1 B.C.,Stūpa ; balustrade ; pilier,Mahābodhi temple complex,Huntington Susan ; Hungtington John,DSAL,
ASOK_BODA045,Bihar,Bodhgayā,Demi-médaillon lotiforme,lotus,3 B.C. ; 2 B.C. ; 1 B.C.,Stūpa ; balustrade ; pilier,Mahābodhi temple complex,Huntington Susan ; Hungtington John,DSAL,
ASOK_BODA046,Bihar,Bodhgayā,Demi-médaillon lotiforme,lotus,3 B.C. ; 2 B.C. ; 1 B.C.,Stūpa ; balustrade ; pilier,Mahābodhi temple complex,Huntington Susan ; Hungtington John,DSAL,
ASOK_BODA047,Bihar,Bodhgayā,Demi-médaillon lotiforme,lotus,3 B.C. ; 2 B.C. ; 1 B.C.,Stūpa ; balustrade ; pilier,Mahābodhi temple complex,Huntington Susan ; Hungtington John,DSAL,
ASOK_BODA048,Bihar,Bodhgayā,Médaillon lotiforme et lion ailé,lotus ; lion,3 B.C. ; 2 B.C. ; 1 B.C.,Stūpa ; balustrade ; pilier,Mahābodhi temple complex,Huntington Susan ; Hungtington John,DSAL,
ASOK_BODA049,Bihar,Bodhgayā,Médaillon lotiforme et animal ; endommagé,lotus,3 B.C. ; 2 B.C. ; 1 B.C.,Stūpa ; balustrade ; pilier,Mahābodhi temple complex,Huntington Susan ; Hungtington John,DSAL,
ASOK_BODA050,Bihar,Bodhgayā,Médaillon lotiforme et pilier d'Aśoka avec chevaux,lotus ; cheval,3 B.C. ; 2 B.C. ; 1 B.C.,Stūpa ; balustrade ; pilier,Mahābodhi temple complex,Huntington Susan ; Hungtington John,DSAL,
ASOK_BODA051,Bihar,Bodhgayā,Médaillon lotiforme avec deux personnages assis (couple),lotus,3 B.C. ; 2 B.C. ; 1 B.C.,Stūpa ; balustrade ; pilier,Mahābodhi temple complex,Huntington Susan ; Hungtington John,DSAL,
ASOK_BODA052,Bihar,Bodhgayā,Médaillon lotiforme et makara,lotus,3 B.C. ; 2 B.C. ; 1 B.C.,Stūpa ; balustrade ; pilier,Mahābodhi temple complex,Huntington Susan ; Hungtington John,DSAL,
ASOK_BODA053,Bihar,Bodhgayā,Demi-médaillon lotiforme,lotus,3 B.C. ; 2 B.C. ; 1 B.C.,Stūpa ; balustrade ; pilier,Mahābodhi temple complex,Huntington Susan ; Hungtington John,DSAL,
ASOK_BODA054,Bihar,Bodhgayā,Médaillon lotiforme et éléphant ailé,lotus ; éléphant,3 B.C. ; 2 B.C. ; 1 B.C.,Stūpa ; balustrade ; pilier,Mahābodhi temple complex,Huntington Susan ; Hungtington John,DSAL,
ASOK_BODA055,Bihar,Bodhgayā,Demi-médaillon lotiforme,lotus,3 B.C. ; 2 B.C. ; 1 B.C.,Stūpa ; balustrade ; pilier,Mahābodhi temple complex,Huntington Susan ; Hungtington John,DSAL,
ASOK_BODA056,Bihar,Bodhgayā,Médaillon lotiforme,lotus,3 B.C. ; 2 B.C. ; 1 B.C.,Stūpa ; balustrade ; pilier,Mahābodhi temple complex,Huntington Susan ; Hungtington John,DSAL,
ASOK_BODA057,Bihar,Bodhgayā,Demi-médaillon lotiforme,lotus,3 B.C. ; 2 B.C. ; 1 B.C.,Stūpa ; balustrade ; pilier,Mahābodhi temple complex,Huntington Susan ; Hungtington John,DSAL,
ASOK_BODA058,Bihar,Bodhgayā,Médaillon lotiforme et portrait de donateur/donatrice,lotus,3 B.C. ; 2 B.C. ; 1 B.C.,Stūpa ; balustrade ; pilier,Mahābodhi temple complex,Huntington Susan ; Hungtington John,DSAL,
